X,Y
980000,5790000
1000000,5790000
1020000,5790000
980000,5810000
1000000,5810000
1020000,5810000
960000,5830000
980000,5830000
1000000,5830000
1020000,5830000
940000,5850000
960000,5850000
980000,5850000
1000000,5850000
1020000,5850000
940000,5870000
960000,5870000
980000,5870000
1000000,5870000
1020000,5870000
940000,5890000
960000,5890000
980000,5890000
1000000,5890000
1020000,5890000
940000,5910000
960000,5910000
980000,5910000
1000000,5910000
1020000,5910000
940000,5930000
960000,5930000
980000,5930000
1000000,5930000
1020000,5930000
940000,5950000
960000,5950000
980000,5950000
1000000,5950000
1020000,5950000
940000,5970000
960000,5970000
980000,5970000
1000000,5970000
1020000,5970000
920000,5990000
940000,5990000
960000,5990000
980000,5990000
1000000,5990000
1020000,5990000
720000,6010000
920000,6010000
940000,6010000
960000,6010000
980000,6010000
1000000,6010000
1020000,6010000
640000,6030000
660000,6030000
680000,6030000
700000,6030000
720000,6030000
740000,6030000
760000,6030000
780000,6030000
900000,6030000
920000,6030000
940000,6030000
960000,6030000
980000,6030000
1000000,6030000
1020000,6030000
680000,6050000
700000,6050000
720000,6050000
880000,6050000
900000,6050000
920000,6050000
940000,6050000
960000,6050000
980000,6050000
1000000,6050000
1020000,6050000
1040000,6050000
800000,6070000
820000,6070000
840000,6070000
860000,6070000
880000,6070000
900000,6070000
920000,6070000
940000,6070000
960000,6070000
980000,6070000
1000000,6070000
1020000,6070000
1040000,6070000
820000,6090000
840000,6090000
860000,6090000
880000,6090000
900000,6090000
920000,6090000
940000,6090000
960000,6090000
980000,6090000
1000000,6090000
1020000,6090000
1040000,6090000
680000,6110000
700000,6110000
740000,6110000
820000,6110000
840000,6110000
860000,6110000
880000,6110000
900000,6110000
920000,6110000
940000,6110000
960000,6110000
980000,6110000
1000000,6110000
1020000,6110000
1040000,6110000
700000,6130000
720000,6130000
740000,6130000
820000,6130000
840000,6130000
860000,6130000
880000,6130000
900000,6130000
920000,6130000
940000,6130000
960000,6130000
980000,6130000
1000000,6130000
1020000,6130000
1040000,6130000
560000,6150000
740000,6150000
760000,6150000
840000,6150000
860000,6150000
880000,6150000
900000,6150000
920000,6150000
940000,6150000
960000,6150000
980000,6150000
1000000,6150000
1020000,6150000
1040000,6150000
560000,6170000
580000,6170000
740000,6170000
760000,6170000
820000,6170000
840000,6170000
860000,6170000
880000,6170000
900000,6170000
920000,6170000
940000,6170000
960000,6170000
980000,6170000
1000000,6170000
1020000,6170000
1040000,6170000
540000,6190000
560000,6190000
580000,6190000
600000,6190000
740000,6190000
760000,6190000
800000,6190000
820000,6190000
840000,6190000
860000,6190000
880000,6190000
900000,6190000
920000,6190000
940000,6190000
960000,6190000
980000,6190000
1000000,6190000
1020000,6190000
1040000,6190000
540000,6210000
560000,6210000
580000,6210000
600000,6210000
740000,6210000
760000,6210000
800000,6210000
820000,6210000
840000,6210000
860000,6210000
880000,6210000
900000,6210000
920000,6210000
940000,6210000
960000,6210000
980000,6210000
1000000,6210000
1020000,6210000
1040000,6210000
540000,6230000
560000,6230000
580000,6230000
600000,6230000
620000,6230000
740000,6230000
760000,6230000
780000,6230000
800000,6230000
820000,6230000
840000,6230000
860000,6230000
880000,6230000
900000,6230000
920000,6230000
940000,6230000
960000,6230000
980000,6230000
1000000,6230000
1020000,6230000
1040000,6230000
520000,6250000
540000,6250000
560000,6250000
580000,6250000
600000,6250000
620000,6250000
640000,6250000
760000,6250000
780000,6250000
800000,6250000
820000,6250000
840000,6250000
860000,6250000
880000,6250000
900000,6250000
920000,6250000
940000,6250000
960000,6250000
980000,6250000
1000000,6250000
1020000,6250000
1040000,6250000
500000,6270000
520000,6270000
540000,6270000
560000,6270000
580000,6270000
600000,6270000
620000,6270000
640000,6270000
660000,6270000
700000,6270000
780000,6270000
800000,6270000
820000,6270000
840000,6270000
860000,6270000
880000,6270000
900000,6270000
920000,6270000
940000,6270000
960000,6270000
980000,6270000
1000000,6270000
1020000,6270000
1040000,6270000
500000,6290000
520000,6290000
540000,6290000
560000,6290000
580000,6290000
600000,6290000
620000,6290000
640000,6290000
660000,6290000
680000,6290000
700000,6290000
780000,6290000
800000,6290000
820000,6290000
840000,6290000
860000,6290000
880000,6290000
900000,6290000
920000,6290000
940000,6290000
960000,6290000
980000,6290000
1000000,6290000
1020000,6290000
1040000,6290000
500000,6310000
520000,6310000
540000,6310000
560000,6310000
580000,6310000
600000,6310000
620000,6310000
640000,6310000
660000,6310000
680000,6310000
700000,6310000
720000,6310000
780000,6310000
800000,6310000
820000,6310000
840000,6310000
860000,6310000
880000,6310000
900000,6310000
920000,6310000
940000,6310000
960000,6310000
980000,6310000
1000000,6310000
1020000,6310000
1040000,6310000
480000,6330000
500000,6330000
520000,6330000
540000,6330000
560000,6330000
580000,6330000
600000,6330000
620000,6330000
640000,6330000
660000,6330000
680000,6330000
700000,6330000
720000,6330000
780000,6330000
800000,6330000
820000,6330000
840000,6330000
860000,6330000
880000,6330000
900000,6330000
920000,6330000
940000,6330000
960000,6330000
980000,6330000
1000000,6330000
1020000,6330000
1040000,6330000
1060000,6330000
440000,6350000
460000,6350000
480000,6350000
500000,6350000
520000,6350000
540000,6350000
560000,6350000
580000,6350000
600000,6350000
620000,6350000
640000,6350000
660000,6350000
680000,6350000
700000,6350000
720000,6350000
740000,6350000
780000,6350000
800000,6350000
820000,6350000
840000,6350000
860000,6350000
880000,6350000
900000,6350000
920000,6350000
940000,6350000
960000,6350000
980000,6350000
1000000,6350000
1020000,6350000
1040000,6350000
1060000,6350000
420000,6370000
440000,6370000
460000,6370000
480000,6370000
500000,6370000
520000,6370000
540000,6370000
560000,6370000
580000,6370000
600000,6370000
620000,6370000
640000,6370000
660000,6370000
680000,6370000
700000,6370000
720000,6370000
740000,6370000
760000,6370000
780000,6370000
800000,6370000
820000,6370000
840000,6370000
860000,6370000
880000,6370000
900000,6370000
920000,6370000
940000,6370000
960000,6370000
980000,6370000
1000000,6370000
1020000,6370000
1040000,6370000
1060000,6370000
440000,6390000
460000,6390000
480000,6390000
500000,6390000
520000,6390000
540000,6390000
560000,6390000
580000,6390000
600000,6390000
620000,6390000
640000,6390000
660000,6390000
680000,6390000
700000,6390000
720000,6390000
740000,6390000
780000,6390000
800000,6390000
820000,6390000
840000,6390000
860000,6390000
880000,6390000
900000,6390000
920000,6390000
940000,6390000
960000,6390000
980000,6390000
1000000,6390000
1020000,6390000
1040000,6390000
1060000,6390000
400000,6410000
420000,6410000
440000,6410000
460000,6410000
480000,6410000
500000,6410000
520000,6410000
540000,6410000
560000,6410000
580000,6410000
600000,6410000
620000,6410000
640000,6410000
660000,6410000
680000,6410000
700000,6410000
720000,6410000
740000,6410000
760000,6410000
780000,6410000
800000,6410000
820000,6410000
840000,6410000
860000,6410000
880000,6410000
900000,6410000
920000,6410000
940000,6410000
960000,6410000
980000,6410000
1000000,6410000
1020000,6410000
1040000,6410000
1060000,6410000
400000,6430000
420000,6430000
440000,6430000
460000,6430000
480000,6430000
500000,6430000
520000,6430000
540000,6430000
560000,6430000
580000,6430000
600000,6430000
620000,6430000
640000,6430000
660000,6430000
680000,6430000
700000,6430000
720000,6430000
740000,6430000
760000,6430000
780000,6430000
800000,6430000
820000,6430000
840000,6430000
860000,6430000
880000,6430000
900000,6430000
920000,6430000
940000,6430000
960000,6430000
980000,6430000
1000000,6430000
1020000,6430000
1040000,6430000
1060000,6430000
320000,6450000
340000,6450000
360000,6450000
380000,6450000
400000,6450000
420000,6450000
440000,6450000
460000,6450000
480000,6450000
500000,6450000
520000,6450000
540000,6450000
560000,6450000
580000,6450000
600000,6450000
620000,6450000
640000,6450000
660000,6450000
680000,6450000
700000,6450000
720000,6450000
740000,6450000
760000,6450000
780000,6450000
800000,6450000
820000,6450000
840000,6450000
860000,6450000
880000,6450000
900000,6450000
920000,6450000
940000,6450000
960000,6450000
980000,6450000
1000000,6450000
1020000,6450000
1040000,6450000
1060000,6450000
220000,6470000
240000,6470000
260000,6470000
280000,6470000
300000,6470000
320000,6470000
340000,6470000
360000,6470000
380000,6470000
400000,6470000
420000,6470000
440000,6470000
460000,6470000
480000,6470000
500000,6470000
520000,6470000
540000,6470000
560000,6470000
580000,6470000
600000,6470000
620000,6470000
640000,6470000
660000,6470000
680000,6470000
700000,6470000
720000,6470000
740000,6470000
760000,6470000
780000,6470000
800000,6470000
820000,6470000
840000,6470000
860000,6470000
880000,6470000
900000,6470000
920000,6470000
940000,6470000
960000,6470000
980000,6470000
1000000,6470000
1020000,6470000
1040000,6470000
1060000,6470000
-60000,6490000
-40000,6490000
-20000,6490000
200000,6490000
220000,6490000
240000,6490000
260000,6490000
280000,6490000
300000,6490000
320000,6490000
340000,6490000
360000,6490000
380000,6490000
400000,6490000
420000,6490000
440000,6490000
460000,6490000
480000,6490000
500000,6490000
520000,6490000
540000,6490000
560000,6490000
580000,6490000
600000,6490000
620000,6490000
640000,6490000
660000,6490000
680000,6490000
700000,6490000
720000,6490000
740000,6490000
760000,6490000
780000,6490000
800000,6490000
820000,6490000
840000,6490000
860000,6490000
880000,6490000
900000,6490000
920000,6490000
940000,6490000
960000,6490000
980000,6490000
1000000,6490000
1020000,6490000
1040000,6490000
1060000,6490000
-60000,6510000
-40000,6510000
-20000,6510000
0,6510000
20000,6510000
40000,6510000
60000,6510000
80000,6510000
100000,6510000
120000,6510000
160000,6510000
180000,6510000
200000,6510000
220000,6510000
240000,6510000
260000,6510000
280000,6510000
300000,6510000
320000,6510000
340000,6510000
360000,6510000
380000,6510000
400000,6510000
420000,6510000
440000,6510000
460000,6510000
480000,6510000
500000,6510000
520000,6510000
540000,6510000
560000,6510000
580000,6510000
600000,6510000
620000,6510000
640000,6510000
660000,6510000
680000,6510000
700000,6510000
720000,6510000
740000,6510000
760000,6510000
780000,6510000
800000,6510000
820000,6510000
840000,6510000
860000,6510000
880000,6510000
900000,6510000
920000,6510000
940000,6510000
960000,6510000
980000,6510000
1000000,6510000
1020000,6510000
1040000,6510000
1060000,6510000
-60000,6530000
-40000,6530000
-20000,6530000
0,6530000
20000,6530000
40000,6530000
60000,6530000
80000,6530000
100000,6530000
120000,6530000
140000,6530000
160000,6530000
180000,6530000
200000,6530000
220000,6530000
240000,6530000
260000,6530000
280000,6530000
300000,6530000
320000,6530000
340000,6530000
360000,6530000
380000,6530000
400000,6530000
420000,6530000
440000,6530000
460000,6530000
480000,6530000
500000,6530000
520000,6530000
540000,6530000
560000,6530000
580000,6530000
600000,6530000
620000,6530000
640000,6530000
660000,6530000
680000,6530000
700000,6530000
720000,6530000
740000,6530000
760000,6530000
780000,6530000
800000,6530000
820000,6530000
840000,6530000
860000,6530000
880000,6530000
900000,6530000
920000,6530000
940000,6530000
960000,6530000
980000,6530000
1000000,6530000
1020000,6530000
1040000,6530000
1060000,6530000
-60000,6550000
-40000,6550000
-20000,6550000
0,6550000
20000,6550000
40000,6550000
60000,6550000
80000,6550000
100000,6550000
120000,6550000
140000,6550000
160000,6550000
180000,6550000
200000,6550000
220000,6550000
240000,6550000
260000,6550000
280000,6550000
300000,6550000
320000,6550000
340000,6550000
360000,6550000
380000,6550000
400000,6550000
420000,6550000
440000,6550000
460000,6550000
480000,6550000
500000,6550000
520000,6550000
540000,6550000
560000,6550000
580000,6550000
600000,6550000
620000,6550000
640000,6550000
660000,6550000
680000,6550000
700000,6550000
720000,6550000
740000,6550000
760000,6550000
780000,6550000
800000,6550000
820000,6550000
840000,6550000
860000,6550000
880000,6550000
900000,6550000
920000,6550000
940000,6550000
960000,6550000
980000,6550000
1000000,6550000
1020000,6550000
1040000,6550000
1060000,6550000
-60000,6570000
-40000,6570000
-20000,6570000
0,6570000
20000,6570000
40000,6570000
60000,6570000
80000,6570000
100000,6570000
120000,6570000
140000,6570000
160000,6570000
180000,6570000
200000,6570000
220000,6570000
240000,6570000
260000,6570000
280000,6570000
300000,6570000
320000,6570000
340000,6570000
360000,6570000
380000,6570000
400000,6570000
420000,6570000
440000,6570000
460000,6570000
480000,6570000
500000,6570000
520000,6570000
540000,6570000
560000,6570000
580000,6570000
600000,6570000
620000,6570000
640000,6570000
660000,6570000
680000,6570000
700000,6570000
720000,6570000
740000,6570000
760000,6570000
780000,6570000
800000,6570000
820000,6570000
840000,6570000
860000,6570000
880000,6570000
900000,6570000
920000,6570000
940000,6570000
960000,6570000
980000,6570000
1000000,6570000
1020000,6570000
1040000,6570000
1060000,6570000
-60000,6590000
-40000,6590000
-20000,6590000
0,6590000
20000,6590000
40000,6590000
60000,6590000
80000,6590000
100000,6590000
120000,6590000
140000,6590000
160000,6590000
180000,6590000
200000,6590000
220000,6590000
240000,6590000
260000,6590000
280000,6590000
300000,6590000
320000,6590000
340000,6590000
360000,6590000
380000,6590000
400000,6590000
420000,6590000
440000,6590000
460000,6590000
480000,6590000
500000,6590000
520000,6590000
540000,6590000
560000,6590000
580000,6590000
600000,6590000
620000,6590000
640000,6590000
660000,6590000
680000,6590000
700000,6590000
720000,6590000
740000,6590000
760000,6590000
780000,6590000
800000,6590000
820000,6590000
840000,6590000
860000,6590000
880000,6590000
900000,6590000
920000,6590000
940000,6590000
960000,6590000
980000,6590000
1000000,6590000
1020000,6590000
1040000,6590000
1060000,6590000
-60000,6610000
-40000,6610000
-20000,6610000
0,6610000
20000,6610000
40000,6610000
60000,6610000
80000,6610000
100000,6610000
120000,6610000
140000,6610000
160000,6610000
180000,6610000
200000,6610000
220000,6610000
240000,6610000
260000,6610000
280000,6610000
300000,6610000
320000,6610000
340000,6610000
360000,6610000
380000,6610000
400000,6610000
420000,6610000
440000,6610000
460000,6610000
480000,6610000
500000,6610000
520000,6610000
540000,6610000
560000,6610000
580000,6610000
600000,6610000
620000,6610000
640000,6610000
660000,6610000
680000,6610000
700000,6610000
720000,6610000
740000,6610000
760000,6610000
780000,6610000
800000,6610000
820000,6610000
840000,6610000
860000,6610000
880000,6610000
900000,6610000
920000,6610000
940000,6610000
960000,6610000
980000,6610000
1000000,6610000
1020000,6610000
1040000,6610000
1060000,6610000
-60000,6630000
-40000,6630000
-20000,6630000
0,6630000
20000,6630000
40000,6630000
60000,6630000
80000,6630000
100000,6630000
120000,6630000
140000,6630000
160000,6630000
180000,6630000
200000,6630000
220000,6630000
240000,6630000
260000,6630000
280000,6630000
300000,6630000
320000,6630000
340000,6630000
360000,6630000
380000,6630000
400000,6630000
420000,6630000
440000,6630000
460000,6630000
480000,6630000
500000,6630000
520000,6630000
540000,6630000
560000,6630000
580000,6630000
600000,6630000
620000,6630000
640000,6630000
660000,6630000
680000,6630000
700000,6630000
720000,6630000
740000,6630000
760000,6630000
780000,6630000
800000,6630000
820000,6630000
840000,6630000
860000,6630000
880000,6630000
900000,6630000
920000,6630000
940000,6630000
960000,6630000
980000,6630000
1000000,6630000
1020000,6630000
1040000,6630000
1060000,6630000
-60000,6650000
-40000,6650000
-20000,6650000
0,6650000
20000,6650000
40000,6650000
60000,6650000
80000,6650000
100000,6650000
120000,6650000
140000,6650000
160000,6650000
180000,6650000
200000,6650000
220000,6650000
240000,6650000
260000,6650000
280000,6650000
300000,6650000
320000,6650000
340000,6650000
360000,6650000
380000,6650000
400000,6650000
420000,6650000
440000,6650000
460000,6650000
480000,6650000
500000,6650000
520000,6650000
540000,6650000
560000,6650000
580000,6650000
600000,6650000
620000,6650000
640000,6650000
660000,6650000
680000,6650000
700000,6650000
720000,6650000
740000,6650000
760000,6650000
780000,6650000
800000,6650000
820000,6650000
840000,6650000
860000,6650000
880000,6650000
900000,6650000
920000,6650000
940000,6650000
960000,6650000
980000,6650000
1000000,6650000
1020000,6650000
1040000,6650000
1060000,6650000
-60000,6670000
-40000,6670000
-20000,6670000
0,6670000
20000,6670000
40000,6670000
60000,6670000
80000,6670000
100000,6670000
120000,6670000
140000,6670000
160000,6670000
180000,6670000
200000,6670000
220000,6670000
240000,6670000
260000,6670000
280000,6670000
300000,6670000
320000,6670000
340000,6670000
360000,6670000
380000,6670000
400000,6670000
420000,6670000
440000,6670000
460000,6670000
480000,6670000
500000,6670000
520000,6670000
540000,6670000
560000,6670000
580000,6670000
600000,6670000
620000,6670000
640000,6670000
660000,6670000
680000,6670000
700000,6670000
720000,6670000
740000,6670000
760000,6670000
780000,6670000
800000,6670000
820000,6670000
840000,6670000
860000,6670000
880000,6670000
900000,6670000
920000,6670000
940000,6670000
960000,6670000
980000,6670000
1000000,6670000
1020000,6670000
1040000,6670000
1060000,6670000
-80000,6690000
-60000,6690000
-40000,6690000
-20000,6690000
0,6690000
20000,6690000
40000,6690000
60000,6690000
80000,6690000
100000,6690000
120000,6690000
140000,6690000
160000,6690000
180000,6690000
200000,6690000
220000,6690000
240000,6690000
260000,6690000
280000,6690000
300000,6690000
320000,6690000
340000,6690000
360000,6690000
380000,6690000
400000,6690000
420000,6690000
440000,6690000
460000,6690000
480000,6690000
500000,6690000
520000,6690000
540000,6690000
560000,6690000
580000,6690000
600000,6690000
620000,6690000
640000,6690000
660000,6690000
680000,6690000
700000,6690000
720000,6690000
740000,6690000
760000,6690000
780000,6690000
800000,6690000
820000,6690000
840000,6690000
860000,6690000
880000,6690000
900000,6690000
920000,6690000
940000,6690000
960000,6690000
980000,6690000
1000000,6690000
1020000,6690000
1040000,6690000
1060000,6690000
1080000,6690000
-80000,6710000
-60000,6710000
-40000,6710000
-20000,6710000
0,6710000
20000,6710000
40000,6710000
60000,6710000
80000,6710000
100000,6710000
120000,6710000
140000,6710000
160000,6710000
180000,6710000
200000,6710000
220000,6710000
240000,6710000
260000,6710000
280000,6710000
300000,6710000
320000,6710000
340000,6710000
360000,6710000
380000,6710000
400000,6710000
420000,6710000
440000,6710000
460000,6710000
480000,6710000
500000,6710000
520000,6710000
540000,6710000
560000,6710000
580000,6710000
600000,6710000
620000,6710000
640000,6710000
660000,6710000
680000,6710000
700000,6710000
720000,6710000
740000,6710000
760000,6710000
780000,6710000
800000,6710000
820000,6710000
840000,6710000
860000,6710000
880000,6710000
900000,6710000
920000,6710000
940000,6710000
960000,6710000
980000,6710000
1000000,6710000
1020000,6710000
1040000,6710000
1060000,6710000
1080000,6710000
-80000,6730000
-60000,6730000
-40000,6730000
-20000,6730000
0,6730000
20000,6730000
40000,6730000
60000,6730000
80000,6730000
100000,6730000
120000,6730000
140000,6730000
160000,6730000
180000,6730000
200000,6730000
220000,6730000
240000,6730000
260000,6730000
280000,6730000
300000,6730000
320000,6730000
340000,6730000
360000,6730000
380000,6730000
400000,6730000
420000,6730000
440000,6730000
460000,6730000
480000,6730000
500000,6730000
520000,6730000
540000,6730000
560000,6730000
580000,6730000
600000,6730000
620000,6730000
640000,6730000
660000,6730000
680000,6730000
700000,6730000
720000,6730000
740000,6730000
760000,6730000
780000,6730000
800000,6730000
820000,6730000
840000,6730000
860000,6730000
880000,6730000
900000,6730000
920000,6730000
940000,6730000
960000,6730000
980000,6730000
1000000,6730000
1020000,6730000
1040000,6730000
1060000,6730000
1080000,6730000
-80000,6750000
-60000,6750000
-40000,6750000
-20000,6750000
0,6750000
20000,6750000
40000,6750000
60000,6750000
80000,6750000
100000,6750000
120000,6750000
140000,6750000
160000,6750000
180000,6750000
200000,6750000
220000,6750000
240000,6750000
260000,6750000
280000,6750000
300000,6750000
320000,6750000
340000,6750000
360000,6750000
380000,6750000
400000,6750000
420000,6750000
440000,6750000
460000,6750000
480000,6750000
500000,6750000
520000,6750000
540000,6750000
560000,6750000
580000,6750000
600000,6750000
620000,6750000
640000,6750000
660000,6750000
680000,6750000
700000,6750000
720000,6750000
740000,6750000
760000,6750000
780000,6750000
800000,6750000
820000,6750000
840000,6750000
860000,6750000
880000,6750000
900000,6750000
920000,6750000
940000,6750000
960000,6750000
980000,6750000
1000000,6750000
1020000,6750000
1040000,6750000
1060000,6750000
1080000,6750000
-80000,6770000
-60000,6770000
-40000,6770000
-20000,6770000
0,6770000
20000,6770000
40000,6770000
60000,6770000
80000,6770000
100000,6770000
120000,6770000
140000,6770000
160000,6770000
180000,6770000
200000,6770000
220000,6770000
240000,6770000
260000,6770000
280000,6770000
300000,6770000
320000,6770000
340000,6770000
360000,6770000
380000,6770000
400000,6770000
420000,6770000
440000,6770000
460000,6770000
480000,6770000
500000,6770000
520000,6770000
540000,6770000
560000,6770000
580000,6770000
600000,6770000
620000,6770000
640000,6770000
660000,6770000
680000,6770000
700000,6770000
720000,6770000
740000,6770000
760000,6770000
780000,6770000
800000,6770000
820000,6770000
840000,6770000
860000,6770000
880000,6770000
900000,6770000
920000,6770000
940000,6770000
960000,6770000
980000,6770000
1000000,6770000
1020000,6770000
1040000,6770000
1060000,6770000
1080000,6770000
-80000,6790000
-60000,6790000
-40000,6790000
-20000,6790000
0,6790000
20000,6790000
40000,6790000
60000,6790000
80000,6790000
100000,6790000
120000,6790000
140000,6790000
160000,6790000
180000,6790000
200000,6790000
220000,6790000
240000,6790000
260000,6790000
280000,6790000
300000,6790000
320000,6790000
340000,6790000
360000,6790000
380000,6790000
400000,6790000
420000,6790000
440000,6790000
460000,6790000
480000,6790000
500000,6790000
520000,6790000
540000,6790000
560000,6790000
580000,6790000
600000,6790000
620000,6790000
640000,6790000
660000,6790000
680000,6790000
700000,6790000
720000,6790000
740000,6790000
760000,6790000
780000,6790000
800000,6790000
820000,6790000
840000,6790000
860000,6790000
880000,6790000
900000,6790000
920000,6790000
940000,6790000
960000,6790000
980000,6790000
1000000,6790000
1020000,6790000
1040000,6790000
1060000,6790000
1080000,6790000
-80000,6810000
-60000,6810000
-40000,6810000
-20000,6810000
0,6810000
20000,6810000
40000,6810000
60000,6810000
80000,6810000
100000,6810000
120000,6810000
140000,6810000
160000,6810000
180000,6810000
200000,6810000
220000,6810000
240000,6810000
260000,6810000
280000,6810000
300000,6810000
320000,6810000
340000,6810000
360000,6810000
380000,6810000
400000,6810000
420000,6810000
440000,6810000
460000,6810000
480000,6810000
500000,6810000
520000,6810000
540000,6810000
560000,6810000
580000,6810000
600000,6810000
620000,6810000
640000,6810000
660000,6810000
680000,6810000
700000,6810000
720000,6810000
740000,6810000
760000,6810000
780000,6810000
800000,6810000
820000,6810000
840000,6810000
860000,6810000
880000,6810000
900000,6810000
920000,6810000
940000,6810000
960000,6810000
980000,6810000
1000000,6810000
1020000,6810000
1040000,6810000
1060000,6810000
1080000,6810000
-80000,6830000
-60000,6830000
-40000,6830000
-20000,6830000
0,6830000
20000,6830000
40000,6830000
60000,6830000
80000,6830000
100000,6830000
120000,6830000
140000,6830000
160000,6830000
180000,6830000
200000,6830000
220000,6830000
240000,6830000
260000,6830000
280000,6830000
300000,6830000
320000,6830000
340000,6830000
360000,6830000
380000,6830000
400000,6830000
420000,6830000
440000,6830000
460000,6830000
480000,6830000
500000,6830000
520000,6830000
540000,6830000
560000,6830000
580000,6830000
600000,6830000
620000,6830000
640000,6830000
660000,6830000
680000,6830000
700000,6830000
720000,6830000
740000,6830000
760000,6830000
780000,6830000
800000,6830000
820000,6830000
840000,6830000
860000,6830000
880000,6830000
900000,6830000
920000,6830000
940000,6830000
960000,6830000
980000,6830000
1000000,6830000
1020000,6830000
1040000,6830000
1060000,6830000
1080000,6830000
-80000,6850000
-60000,6850000
-40000,6850000
-20000,6850000
0,6850000
20000,6850000
40000,6850000
60000,6850000
80000,6850000
100000,6850000
120000,6850000
140000,6850000
160000,6850000
180000,6850000
200000,6850000
220000,6850000
240000,6850000
260000,6850000
280000,6850000
300000,6850000
320000,6850000
340000,6850000
360000,6850000
380000,6850000
400000,6850000
420000,6850000
440000,6850000
460000,6850000
480000,6850000
500000,6850000
520000,6850000
540000,6850000
560000,6850000
580000,6850000
600000,6850000
620000,6850000
640000,6850000
660000,6850000
680000,6850000
700000,6850000
720000,6850000
740000,6850000
760000,6850000
780000,6850000
800000,6850000
820000,6850000
840000,6850000
860000,6850000
880000,6850000
900000,6850000
920000,6850000
940000,6850000
960000,6850000
980000,6850000
1000000,6850000
1020000,6850000
1040000,6850000
1060000,6850000
1080000,6850000
-80000,6870000
-60000,6870000
-40000,6870000
-20000,6870000
0,6870000
20000,6870000
40000,6870000
60000,6870000
80000,6870000
100000,6870000
120000,6870000
140000,6870000
160000,6870000
180000,6870000
200000,6870000
220000,6870000
240000,6870000
260000,6870000
280000,6870000
300000,6870000
320000,6870000
340000,6870000
360000,6870000
380000,6870000
400000,6870000
420000,6870000
440000,6870000
460000,6870000
480000,6870000
500000,6870000
520000,6870000
540000,6870000
560000,6870000
580000,6870000
600000,6870000
620000,6870000
640000,6870000
660000,6870000
680000,6870000
700000,6870000
720000,6870000
740000,6870000
760000,6870000
780000,6870000
800000,6870000
820000,6870000
840000,6870000
860000,6870000
880000,6870000
900000,6870000
920000,6870000
940000,6870000
960000,6870000
980000,6870000
1000000,6870000
1020000,6870000
1040000,6870000
1060000,6870000
1080000,6870000
-80000,6890000
-60000,6890000
-40000,6890000
-20000,6890000
0,6890000
20000,6890000
40000,6890000
60000,6890000
80000,6890000
100000,6890000
120000,6890000
140000,6890000
160000,6890000
180000,6890000
200000,6890000
220000,6890000
240000,6890000
260000,6890000
280000,6890000
300000,6890000
320000,6890000
340000,6890000
360000,6890000
380000,6890000
400000,6890000
420000,6890000
440000,6890000
460000,6890000
480000,6890000
500000,6890000
520000,6890000
540000,6890000
560000,6890000
580000,6890000
600000,6890000
620000,6890000
640000,6890000
660000,6890000
680000,6890000
700000,6890000
720000,6890000
740000,6890000
760000,6890000
780000,6890000
800000,6890000
820000,6890000
840000,6890000
860000,6890000
880000,6890000
900000,6890000
920000,6890000
940000,6890000
960000,6890000
980000,6890000
1000000,6890000
1020000,6890000
1040000,6890000
1060000,6890000
1080000,6890000
-80000,6910000
-60000,6910000
-40000,6910000
-20000,6910000
0,6910000
20000,6910000
40000,6910000
60000,6910000
80000,6910000
100000,6910000
120000,6910000
140000,6910000
160000,6910000
180000,6910000
200000,6910000
220000,6910000
240000,6910000
260000,6910000
280000,6910000
300000,6910000
320000,6910000
340000,6910000
360000,6910000
380000,6910000
400000,6910000
420000,6910000
440000,6910000
460000,6910000
480000,6910000
500000,6910000
520000,6910000
540000,6910000
560000,6910000
580000,6910000
600000,6910000
620000,6910000
640000,6910000
660000,6910000
680000,6910000
700000,6910000
720000,6910000
740000,6910000
760000,6910000
780000,6910000
800000,6910000
820000,6910000
840000,6910000
860000,6910000
880000,6910000
900000,6910000
920000,6910000
940000,6910000
960000,6910000
980000,6910000
1000000,6910000
1020000,6910000
1040000,6910000
1060000,6910000
1080000,6910000
-80000,6930000
-60000,6930000
-40000,6930000
-20000,6930000
0,6930000
20000,6930000
40000,6930000
60000,6930000
80000,6930000
100000,6930000
120000,6930000
140000,6930000
160000,6930000
180000,6930000
200000,6930000
220000,6930000
240000,6930000
260000,6930000
280000,6930000
300000,6930000
320000,6930000
340000,6930000
360000,6930000
380000,6930000
400000,6930000
420000,6930000
440000,6930000
460000,6930000
480000,6930000
500000,6930000
520000,6930000
540000,6930000
560000,6930000
580000,6930000
600000,6930000
620000,6930000
640000,6930000
660000,6930000
680000,6930000
700000,6930000
720000,6930000
740000,6930000
760000,6930000
780000,6930000
800000,6930000
820000,6930000
840000,6930000
860000,6930000
880000,6930000
900000,6930000
920000,6930000
940000,6930000
960000,6930000
980000,6930000
1000000,6930000
1020000,6930000
1040000,6930000
1060000,6930000
1080000,6930000
-80000,6950000
-60000,6950000
-40000,6950000
-20000,6950000
0,6950000
20000,6950000
40000,6950000
60000,6950000
80000,6950000
100000,6950000
120000,6950000
140000,6950000
160000,6950000
180000,6950000
200000,6950000
220000,6950000
240000,6950000
260000,6950000
280000,6950000
300000,6950000
320000,6950000
340000,6950000
360000,6950000
380000,6950000
400000,6950000
420000,6950000
440000,6950000
460000,6950000
480000,6950000
500000,6950000
520000,6950000
540000,6950000
560000,6950000
580000,6950000
600000,6950000
620000,6950000
640000,6950000
660000,6950000
680000,6950000
700000,6950000
720000,6950000
740000,6950000
760000,6950000
780000,6950000
800000,6950000
820000,6950000
840000,6950000
860000,6950000
880000,6950000
900000,6950000
920000,6950000
940000,6950000
960000,6950000
980000,6950000
1000000,6950000
1020000,6950000
1040000,6950000
1060000,6950000
1080000,6950000
-80000,6970000
-60000,6970000
-40000,6970000
-20000,6970000
0,6970000
20000,6970000
40000,6970000
60000,6970000
80000,6970000
100000,6970000
120000,6970000
140000,6970000
160000,6970000
180000,6970000
200000,6970000
220000,6970000
240000,6970000
260000,6970000
280000,6970000
300000,6970000
320000,6970000
340000,6970000
360000,6970000
380000,6970000
400000,6970000
420000,6970000
440000,6970000
460000,6970000
480000,6970000
500000,6970000
520000,6970000
540000,6970000
560000,6970000
580000,6970000
600000,6970000
620000,6970000
640000,6970000
660000,6970000
680000,6970000
700000,6970000
720000,6970000
740000,6970000
760000,6970000
780000,6970000
800000,6970000
820000,6970000
840000,6970000
860000,6970000
880000,6970000
900000,6970000
920000,6970000
940000,6970000
960000,6970000
980000,6970000
1000000,6970000
1020000,6970000
1040000,6970000
1060000,6970000
1080000,6970000
-80000,6990000
-60000,6990000
-40000,6990000
-20000,6990000
0,6990000
20000,6990000
40000,6990000
60000,6990000
80000,6990000
100000,6990000
120000,6990000
140000,6990000
160000,6990000
180000,6990000
200000,6990000
220000,6990000
240000,6990000
260000,6990000
280000,6990000
300000,6990000
320000,6990000
340000,6990000
360000,6990000
380000,6990000
400000,6990000
420000,6990000
440000,6990000
460000,6990000
480000,6990000
500000,6990000
520000,6990000
540000,6990000
560000,6990000
580000,6990000
600000,6990000
620000,6990000
640000,6990000
660000,6990000
680000,6990000
700000,6990000
720000,6990000
740000,6990000
760000,6990000
780000,6990000
800000,6990000
820000,6990000
840000,6990000
860000,6990000
880000,6990000
900000,6990000
920000,6990000
940000,6990000
960000,6990000
980000,6990000
1000000,6990000
1020000,6990000
1040000,6990000
1060000,6990000
1080000,6990000
-80000,7010000
-60000,7010000
-40000,7010000
-20000,7010000
0,7010000
20000,7010000
40000,7010000
60000,7010000
80000,7010000
100000,7010000
120000,7010000
140000,7010000
160000,7010000
180000,7010000
200000,7010000
220000,7010000
240000,7010000
260000,7010000
280000,7010000
300000,7010000
320000,7010000
340000,7010000
360000,7010000
380000,7010000
400000,7010000
420000,7010000
440000,7010000
460000,7010000
480000,7010000
500000,7010000
520000,7010000
540000,7010000
560000,7010000
580000,7010000
600000,7010000
620000,7010000
640000,7010000
660000,7010000
680000,7010000
700000,7010000
720000,7010000
740000,7010000
760000,7010000
780000,7010000
800000,7010000
820000,7010000
840000,7010000
860000,7010000
880000,7010000
900000,7010000
920000,7010000
940000,7010000
960000,7010000
980000,7010000
1000000,7010000
1020000,7010000
1040000,7010000
1060000,7010000
1080000,7010000
-80000,7030000
-60000,7030000
-40000,7030000
-20000,7030000
0,7030000
20000,7030000
40000,7030000
60000,7030000
80000,7030000
100000,7030000
120000,7030000
140000,7030000
160000,7030000
180000,7030000
200000,7030000
220000,7030000
240000,7030000
260000,7030000
280000,7030000
300000,7030000
320000,7030000
340000,7030000
360000,7030000
380000,7030000
400000,7030000
420000,7030000
440000,7030000
460000,7030000
480000,7030000
500000,7030000
520000,7030000
540000,7030000
560000,7030000
580000,7030000
600000,7030000
620000,7030000
640000,7030000
660000,7030000
680000,7030000
700000,7030000
720000,7030000
740000,7030000
760000,7030000
780000,7030000
800000,7030000
820000,7030000
840000,7030000
860000,7030000
880000,7030000
900000,7030000
920000,7030000
940000,7030000
960000,7030000
980000,7030000
1000000,7030000
1020000,7030000
1040000,7030000
1060000,7030000
1080000,7030000
-80000,7050000
-60000,7050000
-40000,7050000
-20000,7050000
0,7050000
20000,7050000
40000,7050000
60000,7050000
80000,7050000
100000,7050000
120000,7050000
140000,7050000
160000,7050000
180000,7050000
200000,7050000
220000,7050000
240000,7050000
260000,7050000
280000,7050000
300000,7050000
320000,7050000
340000,7050000
360000,7050000
380000,7050000
400000,7050000
420000,7050000
440000,7050000
460000,7050000
480000,7050000
500000,7050000
520000,7050000
540000,7050000
560000,7050000
580000,7050000
600000,7050000
620000,7050000
640000,7050000
660000,7050000
680000,7050000
700000,7050000
720000,7050000
740000,7050000
760000,7050000
780000,7050000
800000,7050000
820000,7050000
840000,7050000
860000,7050000
880000,7050000
900000,7050000
920000,7050000
940000,7050000
960000,7050000
980000,7050000
1000000,7050000
1020000,7050000
1040000,7050000
1060000,7050000
1080000,7050000
-80000,7070000
-60000,7070000
-40000,7070000
-20000,7070000
0,7070000
20000,7070000
40000,7070000
60000,7070000
80000,7070000
100000,7070000
120000,7070000
140000,7070000
160000,7070000
180000,7070000
200000,7070000
220000,7070000
240000,7070000
260000,7070000
280000,7070000
300000,7070000
320000,7070000
340000,7070000
360000,7070000
380000,7070000
400000,7070000
420000,7070000
440000,7070000
460000,7070000
480000,7070000
500000,7070000
520000,7070000
540000,7070000
560000,7070000
580000,7070000
600000,7070000
620000,7070000
640000,7070000
660000,7070000
680000,7070000
700000,7070000
720000,7070000
740000,7070000
760000,7070000
780000,7070000
800000,7070000
820000,7070000
840000,7070000
860000,7070000
880000,7070000
900000,7070000
920000,7070000
940000,7070000
960000,7070000
980000,7070000
1000000,7070000
1020000,7070000
1040000,7070000
1060000,7070000
1080000,7070000
-100000,7090000
-80000,7090000
-60000,7090000
-40000,7090000
-20000,7090000
0,7090000
20000,7090000
40000,7090000
60000,7090000
80000,7090000
100000,7090000
120000,7090000
140000,7090000
160000,7090000
180000,7090000
200000,7090000
220000,7090000
240000,7090000
260000,7090000
280000,7090000
300000,7090000
320000,7090000
340000,7090000
360000,7090000
380000,7090000
400000,7090000
420000,7090000
440000,7090000
460000,7090000
480000,7090000
500000,7090000
520000,7090000
540000,7090000
560000,7090000
580000,7090000
600000,7090000
620000,7090000
640000,7090000
660000,7090000
680000,7090000
700000,7090000
720000,7090000
740000,7090000
760000,7090000
780000,7090000
800000,7090000
820000,7090000
840000,7090000
860000,7090000
880000,7090000
900000,7090000
920000,7090000
940000,7090000
960000,7090000
980000,7090000
1000000,7090000
1020000,7090000
1040000,7090000
1060000,7090000
1080000,7090000
1100000,7090000
-100000,7110000
-80000,7110000
-60000,7110000
-40000,7110000
-20000,7110000
0,7110000
20000,7110000
40000,7110000
60000,7110000
80000,7110000
100000,7110000
120000,7110000
140000,7110000
160000,7110000
180000,7110000
200000,7110000
220000,7110000
240000,7110000
260000,7110000
280000,7110000
300000,7110000
320000,7110000
340000,7110000
360000,7110000
380000,7110000
400000,7110000
420000,7110000
440000,7110000
460000,7110000
480000,7110000
500000,7110000
520000,7110000
540000,7110000
560000,7110000
580000,7110000
600000,7110000
620000,7110000
640000,7110000
660000,7110000
680000,7110000
700000,7110000
720000,7110000
740000,7110000
760000,7110000
780000,7110000
800000,7110000
820000,7110000
840000,7110000
860000,7110000
880000,7110000
900000,7110000
920000,7110000
940000,7110000
960000,7110000
980000,7110000
1000000,7110000
1020000,7110000
1040000,7110000
1060000,7110000
1080000,7110000
1100000,7110000
